"Origin Movement ID","Origin Display Name","Destination Movement ID","Destination Display Name","Date Range","Mean Travel Time (Seconds)","Range - Lower Bound Travel Time (Seconds)","Range - Upper Bound Travel Time (Seconds)"
"258","0 Muthithi Rd","1","Unnamed Road","1/1/2018 - 1/31/2018, Every day, Daily Average",3390,2639,4354
"258","0 Muthithi Rd","3","Unnamed Road","1/1/2018 - 1/31/2018, Every day, Daily Average",1781,1346,2354
"258","0 Muthithi Rd","5","Unnamed Road","1/1/2018 - 1/31/2018, Every day, Daily Average",2039,1303,3190
"258","0 Muthithi Rd","6","Athi River Rd","1/1/2018 - 1/31/2018, Every day, Daily Average",2643,1893,3689
"258","0 Muthithi Rd","7","Jirongo Flats","1/1/2018 - 1/31/2018, Every day, Daily Average",2901,1800,4675
"258","0 Muthithi Rd","9","Meru - Nairobi Hwy","1/1/2018 - 1/31/2018, Every day, Daily Average",2304,1570,3380
"258","0 Muthithi Rd","13","Foot Path","1/1/2018 - 1/31/2018, Every day, Daily Average",2384,1545,3678
"258","0 Muthithi Rd","14","Kangundo Rd","1/1/2018 - 1/31/2018, Every day, Daily Average",2781,2065,3744
"258","0 Muthithi Rd","15","Unnamed Road","1/1/2018 - 1/31/2018, Every day, Daily Average",2131,1420,3196
"258","0 Muthithi Rd","16","Silanga Road","1/1/2018 - 1/31/2018, Every day, Daily Average",2281,1395,3729
"258","0 Muthithi Rd","17","Ole Kasasi Rd","1/1/2018 - 1/31/2018, Every day, Daily Average",4041,2686,6077
"258","0 Muthithi Rd","19","Kihara- Gacii- Karura Road","1/1/2018 - 1/31/2018, Every day, Daily Average",1729,1142,2616
"258","0 Muthithi Rd","20","Icipe Rd","1/1/2018 - 1/31/2018, Every day, Daily Average",1103,684,1778
"258","0 Muthithi Rd","21","Carpenter's Workshop","1/1/2018 - 1/31/2018, Every day, Daily Average",2270,1543,3337
"258","0 Muthithi Rd","22","Kiroe Chunga Mali Rd","1/1/2018 - 1/31/2018, Every day, Daily Average",2092,1627,2689
"258","0 Muthithi Rd","23","Muhuri Rd","1/1/2018 - 1/31/2018, Every day, Daily Average",1287,842,1965
"258","0 Muthithi Rd","24","Ndege Rd","1/1/2018 - 1/31/2018, Every day, Daily Average",2823,1816,4386
"258","0 Muthithi Rd","25","1000 Kangundo Rd","1/1/2018 - 1/31/2018, Every day, Daily Average",2384,1528,3719
"258","0 Muthithi Rd","26","Arena Dr","1/1/2018 - 1/31/2018, Every day, Daily Average",951,598,1511
"258","0 Muthithi Rd","27","Ngong Rd","1/1/2018 - 1/31/2018, Every day, Daily Average",2320,1442,3731
"258","0 Muthithi Rd","28","Miotoni Rd","1/1/2018 - 1/31/2018, Every day, Daily Average",2904,1986,4245
"258","0 Muthithi Rd","29","Mayor Rd","1/1/2018 - 1/31/2018, Every day, Daily Average",2515,1557,4061
"258","0 Muthithi Rd","30","Kerwa","1/1/2018 - 1/31/2018, Every day, Daily Average",1961,1519,2531
"258","0 Muthithi Rd","32","Hospital Rd","1/1/2018 - 1/31/2018, Every day, Daily Average",2303,1545,3432
"258","0 Muthithi Rd","33","Limuru Rd","1/1/2018 - 1/31/2018, Every day, Daily Average",1505,1020,2218
"258","0 Muthithi Rd","36","Unnamed Road","1/1/2018 - 1/31/2018, Every day, Daily Average",930,592,1458
"258","0 Muthithi Rd","37","Riflo Workshop","1/1/2018 - 1/31/2018, Every day, Daily Average",1180,761,1829
"258","0 Muthithi Rd","39","Kiambia-Gathanga Rd","1/1/2018 - 1/31/2018, Every day, Daily Average",1777,1262,2501
"258","0 Muthithi Rd","40","Stage Mpya","1/1/2018 - 1/31/2018, Every day, Daily Average",2011,1314,3076
"258","0 Muthithi Rd","41","Unnamed Road","1/1/2018 - 1/31/2018, Every day, Daily Average",2726,1876,3960
"258","0 Muthithi Rd","42","Eastern By Pass","1/1/2018 - 1/31/2018, Every day, Daily Average",2222,1464,3370
"258","0 Muthithi Rd","44","Unnamed Road","1/1/2018 - 1/31/2018, Every day, Daily Average",2142,1233,3720
"258","0 Muthithi Rd","46","Magoko Road","1/1/2018 - 1/31/2018, Every day, Daily Average",3339,2452,4545
"258","0 Muthithi Rd","47","Ruiru Kamiti Road","1/1/2018 - 1/31/2018, Every day, Daily Average",2573,1804,3668
"258","0 Muthithi Rd","48","Kiambu Rd","1/1/2018 - 1/31/2018, Every day, Daily Average",483,286,813
"258","0 Muthithi Rd","49","Rd to Utawala Academy","1/1/2018 - 1/31/2018, Every day, Daily Average",2141,1256,3649
"258","0 Muthithi Rd","51","First Freight Lane","1/1/2018 - 1/31/2018, Every day, Daily Average",1852,1121,3058
"258","0 Muthithi Rd","52","300 Ngong Rd","1/1/2018 - 1/31/2018, Every day, Daily Average",2736,1804,4147
"258","0 Muthithi Rd","53","Bamburi Rd","1/1/2018 - 1/31/2018, Every day, Daily Average",3214,2214,4663
"258","0 Muthithi Rd","54","Muramati Rd","1/1/2018 - 1/31/2018, Every day, Daily Average",2206,1748,2783
"258","0 Muthithi Rd","56","Unnamed Road","1/1/2018 - 1/31/2018, Every day, Daily Average",1377,875,2164
"258","0 Muthithi Rd","57","Getathuru Rd","1/1/2018 - 1/31/2018, Every day, Daily Average",1192,835,1700
"258","0 Muthithi Rd","58","Hekima Rd","1/1/2018 - 1/31/2018, Every day, Daily Average",2729,1715,4342
"258","0 Muthithi Rd","59","Unnamed Road","1/1/2018 - 1/31/2018, Every day, Daily Average",607,366,1005
"258","0 Muthithi Rd","61","Kinanda Rd","1/1/2018 - 1/31/2018, Every day, Daily Average",1343,915,1970
"258","0 Muthithi Rd","62","Lucky Twin Plaza Road","1/1/2018 - 1/31/2018, Every day, Daily Average",1814,1196,2749
"258","0 Muthithi Rd","63","Murishu Rd","1/1/2018 - 1/31/2018, Every day, Daily Average",2267,1514,3394
"258","0 Muthithi Rd","64","Nziu Rd","1/1/2018 - 1/31/2018, Every day, Daily Average",1561,968,2515
"258","0 Muthithi Rd","65","TRM Dr","1/1/2018 - 1/31/2018, Every day, Daily Average",1024,663,1580
"258","0 Muthithi Rd","66","Muramati Rd","1/1/2018 - 1/31/2018, Every day, Daily Average",1354,869,2107
"258","0 Muthithi Rd","67","Unnamed Road","1/1/2018 - 1/31/2018, Every day, Daily Average",1597,1041,2447
"258","0 Muthithi Rd","68","Millenium Krishna","1/1/2018 - 1/31/2018, Every day, Daily Average",1076,625,1849
"258","0 Muthithi Rd","69","Southern Bypass","1/1/2018 - 1/31/2018, Every day, Daily Average",1187,581,2424
"258","0 Muthithi Rd","70","Mbagathi Way","1/1/2018 - 1/31/2018, Every day, Daily Average",1388,711,2707
"258","0 Muthithi Rd","71","Southern Bypass","1/1/2018 - 1/31/2018, Every day, Daily Average",1964,1334,2889
"258","0 Muthithi Rd","72","Biashara St","1/1/2018 - 1/31/2018, Every day, Daily Average",1732,1224,2450
"258","0 Muthithi Rd","73","Beijing Road","1/1/2018 - 1/31/2018, Every day, Daily Average",2178,1340,3539
"258","0 Muthithi Rd","77","Argwings Kodhek Rd","1/1/2018 - 1/31/2018, Every day, Daily Average",1261,717,2217
"258","0 Muthithi Rd","78","ARGWINGS KODHEK APPARTMENTS","1/1/2018 - 1/31/2018, Every day, Daily Average",1223,740,2019
"258","0 Muthithi Rd","79","Eastern Bypass","1/1/2018 - 1/31/2018, Every day, Daily Average",2374,1431,3937
"258","0 Muthithi Rd","80","Kihingo","1/1/2018 - 1/31/2018, Every day, Daily Average",2042,1382,3016
"258","0 Muthithi Rd","81","Kangundo Rd","1/1/2018 - 1/31/2018, Every day, Daily Average",2516,1646,3844
"258","0 Muthithi Rd","82","Langata Rd","1/1/2018 - 1/31/2018, Every day, Daily Average",1817,1061,3109
"258","0 Muthithi Rd","83","A 104","1/1/2018 - 1/31/2018, Every day, Daily Average",1446,980,2131
"258","0 Muthithi Rd","86","Ngong Rd","1/1/2018 - 1/31/2018, Every day, Daily Average",2147,1294,3561
"258","0 Muthithi Rd","87","Church Rd","1/1/2018 - 1/31/2018, Every day, Daily Average",1884,1249,2840
"258","0 Muthithi Rd","88","Mombasa Road","1/1/2018 - 1/31/2018, Every day, Daily Average",1950,1093,3476
"258","0 Muthithi Rd","90","0 General Mathenge Dr","1/1/2018 - 1/31/2018, Every day, Daily Average",625,352,1107
"258","0 Muthithi Rd","91","Irungu Riika Rd","1/1/2018 - 1/31/2018, Every day, Daily Average",422,179,993
"258","0 Muthithi Rd","93","Mukinduri Ln","1/1/2018 - 1/31/2018, Every day, Daily Average",2780,1662,4649
"258","0 Muthithi Rd","94","Unnamed Road","1/1/2018 - 1/31/2018, Every day, Daily Average",2286,1365,3826
"258","0 Muthithi Rd","95","Adminstration Block","1/1/2018 - 1/31/2018, Every day, Daily Average",1259,635,2492
"258","0 Muthithi Rd","96","Grevillea Ln","1/1/2018 - 1/31/2018, Every day, Daily Average",1464,784,2731
"258","0 Muthithi Rd","97","Meru - Nairobi Hwy","1/1/2018 - 1/31/2018, Every day, Daily Average",3099,2247,4273
"258","0 Muthithi Rd","98","Tembo Rd","1/1/2018 - 1/31/2018, Every day, Daily Average",2554,1629,4003
"258","0 Muthithi Rd","102","Limuru Rd","1/1/2018 - 1/31/2018, Every day, Daily Average",1263,837,1903
"258","0 Muthithi Rd","103","Syokimau - Katani Rd","1/1/2018 - 1/31/2018, Every day, Daily Average",2130,1254,3616
"258","0 Muthithi Rd","105","Kamiti Rd","1/1/2018 - 1/31/2018, Every day, Daily Average",2478,1822,3369
"258","0 Muthithi Rd","106","Rhino Park Close","1/1/2018 - 1/31/2018, Every day, Daily Average",3190,2182,4663
"258","0 Muthithi Rd","107","Kabarnet Gardens","1/1/2018 - 1/31/2018, Every day, Daily Average",1465,818,2623
"258","0 Muthithi Rd","108","Naivasha Rd","1/1/2018 - 1/31/2018, Every day, Daily Average",1640,1091,2463
"258","0 Muthithi Rd","110","0 Waiyaki Way","1/1/2018 - 1/31/2018, Every day, Daily Average",703,373,1321
"258","0 Muthithi Rd","112","Meru - Nairobi Hwy","1/1/2018 - 1/31/2018, Every day, Daily Average",910,575,1437
"258","0 Muthithi Rd","113","A 104","1/1/2018 - 1/31/2018, Every day, Daily Average",1395,916,2122
"258","0 Muthithi Rd","114","Gitaru Rd","1/1/2018 - 1/31/2018, Every day, Daily Average",1655,1115,2455
"258","0 Muthithi Rd","115","Syokimau Airport Rd","1/1/2018 - 1/31/2018, Every day, Daily Average",2442,1587,3756
"258","0 Muthithi Rd","116","Kayole Rd","1/1/2018 - 1/31/2018, Every day, Daily Average",2885,1831,4544
"258","0 Muthithi Rd","117","Unnamed Road","1/1/2018 - 1/31/2018, Every day, Daily Average",1883,1267,2797
"258","0 Muthithi Rd","119","Ruiru Kamiti Road","1/1/2018 - 1/31/2018, Every day, Daily Average",2422,1600,3666
"258","0 Muthithi Rd","120","Mombasa Road","1/1/2018 - 1/31/2018, Every day, Daily Average",3493,2156,5656
"258","0 Muthithi Rd","121","Kibichiko Rd","1/1/2018 - 1/31/2018, Every day, Daily Average",1452,946,2227
"258","0 Muthithi Rd","123","Muigai Kenyatta Rd","1/1/2018 - 1/31/2018, Every day, Daily Average",2341,1518,3609
"258","0 Muthithi Rd","124","Mombasa Road","1/1/2018 - 1/31/2018, Every day, Daily Average",2516,1601,3952
"258","0 Muthithi Rd","127","Lower Kabete","1/1/2018 - 1/31/2018, Every day, Daily Average",1271,912,1770
"258","0 Muthithi Rd","128","Langata Rd","1/1/2018 - 1/31/2018, Every day, Daily Average",2163,1298,3603
"258","0 Muthithi Rd","129","Northern Bypass Rd","1/1/2018 - 1/31/2018, Every day, Daily Average",2197,1407,3429
"258","0 Muthithi Rd","130","Southern Bypass","1/1/2018 - 1/31/2018, Every day, Daily Average",1917,1018,3608
"258","0 Muthithi Rd","131","Magadi Rd","1/1/2018 - 1/31/2018, Every day, Daily Average",3549,2394,5259
"258","0 Muthithi Rd","132","Ruiru Kamiti Road","1/1/2018 - 1/31/2018, Every day, Daily Average",2142,1529,2999
"258","0 Muthithi Rd","133","P.O. Box 41185","1/1/2018 - 1/31/2018, Every day, Daily Average",1287,697,2375
"258","0 Muthithi Rd","135","Kikuyu Rd","1/1/2018 - 1/31/2018, Every day, Daily Average",1894,1326,2704
"258","0 Muthithi Rd","136","900 Edina Apartments","1/1/2018 - 1/31/2018, Every day, Daily Average",3207,1990,5166
"258","0 Muthithi Rd","137","Thika - Mang'u Rd","1/1/2018 - 1/31/2018, Every day, Daily Average",2758,2057,3697
"258","0 Muthithi Rd","138","Northern Bypass Rd","1/1/2018 - 1/31/2018, Every day, Daily Average",1628,1016,2606
"258","0 Muthithi Rd","139","Kiambu Rd","1/1/2018 - 1/31/2018, Every day, Daily Average",1345,867,2085
"258","0 Muthithi Rd","140","Banana Raini Rd","1/1/2018 - 1/31/2018, Every day, Daily Average",1923,1377,2683
"258","0 Muthithi Rd","141","Loiyangalani Dr","1/1/2018 - 1/31/2018, Every day, Daily Average",1274,785,2066
"258","0 Muthithi Rd","142","Brookside Grove","1/1/2018 - 1/31/2018, Every day, Daily Average",503,254,994
"258","0 Muthithi Rd","143","Olkeri Laiser Hill Road","1/1/2018 - 1/31/2018, Every day, Daily Average",3479,2211,5472
"258","0 Muthithi Rd","145","Mombasa Road","1/1/2018 - 1/31/2018, Every day, Daily Average",2311,1418,3766
"258","0 Muthithi Rd","147","Meru - Nairobi Hwy","1/1/2018 - 1/31/2018, Every day, Daily Average",2532,1836,3491
"258","0 Muthithi Rd","148","Unnamed Road","1/1/2018 - 1/31/2018, Every day, Daily Average",2956,2087,4185
"258","0 Muthithi Rd","150","Unnamed Road","1/1/2018 - 1/31/2018, Every day, Daily Average",2755,1825,4158
"258","0 Muthithi Rd","151","0 Riverside Dr","1/1/2018 - 1/31/2018, Every day, Daily Average",286,119,683
"258","0 Muthithi Rd","152","Nairobi - Namanga","1/1/2018 - 1/31/2018, Every day, Daily Average",2767,1900,4029
"258","0 Muthithi Rd","153","0 Bendera Ln","1/1/2018 - 1/31/2018, Every day, Daily Average",919,586,1439
"258","0 Muthithi Rd","154","Magadi Rd","1/1/2018 - 1/31/2018, Every day, Daily Average",2174,1389,3400
"258","0 Muthithi Rd","155","C65","1/1/2018 - 1/31/2018, Every day, Daily Average",1744,1193,2548
"258","0 Muthithi Rd","157","0 Spring Valley Rd","1/1/2018 - 1/31/2018, Every day, Daily Average",818,499,1339
"258","0 Muthithi Rd","158","Magadi Rd","1/1/2018 - 1/31/2018, Every day, Daily Average",1839,1101,3069
"258","0 Muthithi Rd","159","Zada Flat","1/1/2018 - 1/31/2018, Every day, Daily Average",1905,1348,2692
"258","0 Muthithi Rd","161","clay city masournets","1/1/2018 - 1/31/2018, Every day, Daily Average",1184,747,1876
"258","0 Muthithi Rd","162","Nderi K.A.R.I. Nrb Rd.","1/1/2018 - 1/31/2018, Every day, Daily Average",2006,1449,2776
"258","0 Muthithi Rd","164","Mumbi Ln","1/1/2018 - 1/31/2018, Every day, Daily Average",1726,1122,2654
"258","0 Muthithi Rd","165","A 104","1/1/2018 - 1/31/2018, Every day, Daily Average",2232,1748,2849
"258","0 Muthithi Rd","166","Embakasi Rd","1/1/2018 - 1/31/2018, Every day, Daily Average",1975,1136,3431
"258","0 Muthithi Rd","167","Kirawa Rd","1/1/2018 - 1/31/2018, Every day, Daily Average",1464,1093,1959
"258","0 Muthithi Rd","168","Ring Rd","1/1/2018 - 1/31/2018, Every day, Daily Average",3458,2309,5178
"258","0 Muthithi Rd","169","J35,Block 62/469 Kibera Dr","1/1/2018 - 1/31/2018, Every day, Daily Average",1712,1070,2738
"258","0 Muthithi Rd","172","James Gichuru Road","1/1/2018 - 1/31/2018, Every day, Daily Average",1132,671,1909
"258","0 Muthithi Rd","173","Garissa Rd","1/1/2018 - 1/31/2018, Every day, Daily Average",3163,1966,5088
"258","0 Muthithi Rd","175","Kamiti Rd","1/1/2018 - 1/31/2018, Every day, Daily Average",1906,1366,2658
"258","0 Muthithi Rd","176","Share Saifiyah Burhaniyah","1/1/2018 - 1/31/2018, Every day, Daily Average",1991,1254,3159
"258","0 Muthithi Rd","177","Kikuyu Rd","1/1/2018 - 1/31/2018, Every day, Daily Average",2394,1563,3665
"258","0 Muthithi Rd","178","Kugeria Rd","1/1/2018 - 1/31/2018, Every day, Daily Average",1553,1051,2293
"258","0 Muthithi Rd","179","Eldoret-Malaba Rd","1/1/2018 - 1/31/2018, Every day, Daily Average",1980,1576,2487
"258","0 Muthithi Rd","180","Eastern Bypass","1/1/2018 - 1/31/2018, Every day, Daily Average",1724,1284,2313
"258","0 Muthithi Rd","181","King'eero Shopping Centre Main Rd","1/1/2018 - 1/31/2018, Every day, Daily Average",1687,1273,2235
"258","0 Muthithi Rd","182","A 104","1/1/2018 - 1/31/2018, Every day, Daily Average",1719,1247,2368
"258","0 Muthithi Rd","183","Rd to Utawala Academy","1/1/2018 - 1/31/2018, Every day, Daily Average",2642,1584,4405
"258","0 Muthithi Rd","184","Miami Ct Rd","1/1/2018 - 1/31/2018, Every day, Daily Average",2556,1722,3793
"258","0 Muthithi Rd","185","Limuru Rd","1/1/2018 - 1/31/2018, Every day, Daily Average",2662,1811,3911
"258","0 Muthithi Rd","186","Unnamed Road","1/1/2018 - 1/31/2018, Every day, Daily Average",1792,1388,2312
"258","0 Muthithi Rd","188","Hinga Road","1/1/2018 - 1/31/2018, Every day, Daily Average",919,550,1534
"258","0 Muthithi Rd","189","Unnamed Road","1/1/2018 - 1/31/2018, Every day, Daily Average",2401,1503,3834
"258","0 Muthithi Rd","190","Kamandura - Mai Mahiu - Narok Rd","1/1/2018 - 1/31/2018, Every day, Daily Average",2461,1892,3199
"258","0 Muthithi Rd","191","Bogani E Rd","1/1/2018 - 1/31/2018, Every day, Daily Average",2284,1402,3720
"258","0 Muthithi Rd","192","Cargen House","1/1/2018 - 1/31/2018, Every day, Daily Average",503,207,1219
"258","0 Muthithi Rd","193","Katani Road","1/1/2018 - 1/31/2018, Every day, Daily Average",2325,1451,3724
"258","0 Muthithi Rd","194","James Dr","1/1/2018 - 1/31/2018, Every day, Daily Average",1856,1165,2956
"258","0 Muthithi Rd","196","Kihara- Gacii- Karura Road","1/1/2018 - 1/31/2018, Every day, Daily Average",2508,1801,3491
"258","0 Muthithi Rd","198","Mae Properties Dr","1/1/2018 - 1/31/2018, Every day, Daily Average",1464,922,2322
"258","0 Muthithi Rd","199","Catholic Rd","1/1/2018 - 1/31/2018, Every day, Daily Average",2408,1765,3283
"258","0 Muthithi Rd","200","Karura Munyaka Road","1/1/2018 - 1/31/2018, Every day, Daily Average",2899,2000,4201
"258","0 Muthithi Rd","201","Masimba Rd","1/1/2018 - 1/31/2018, Every day, Daily Average",2631,1663,4162
"258","0 Muthithi Rd","202","Rose Cl","1/1/2018 - 1/31/2018, Every day, Daily Average",1062,551,2043
"258","0 Muthithi Rd","203","Ngong Rd","1/1/2018 - 1/31/2018, Every day, Daily Average",3085,2050,4641
"258","0 Muthithi Rd","204","Mukiri Road","1/1/2018 - 1/31/2018, Every day, Daily Average",1139,726,1786
"258","0 Muthithi Rd","206","Meru - Nairobi Hwy","1/1/2018 - 1/31/2018, Every day, Daily Average",2363,1569,3557
"258","0 Muthithi Rd","207","2nd Sunrise Ave","1/1/2018 - 1/31/2018, Every day, Daily Average",1681,1114,2535
"258","0 Muthithi Rd","208","Kangundo Rd","1/1/2018 - 1/31/2018, Every day, Daily Average",3130,2183,4486
"258","0 Muthithi Rd","209","City Chicken Road","1/1/2018 - 1/31/2018, Every day, Daily Average",1702,1149,2520
"258","0 Muthithi Rd","210","Airport N Rd","1/1/2018 - 1/31/2018, Every day, Daily Average",1902,1116,3238
"258","0 Muthithi Rd","211","Kayole Spine Road","1/1/2018 - 1/31/2018, Every day, Daily Average",2195,1419,3393
"258","0 Muthithi Rd","212","Lunga Lunga Rd","1/1/2018 - 1/31/2018, Every day, Daily Average",1825,1140,2920
"258","0 Muthithi Rd","213","Ruiru Kamiti Road","1/1/2018 - 1/31/2018, Every day, Daily Average",1681,1170,2414
"258","0 Muthithi Rd","214","Lane 26","1/1/2018 - 1/31/2018, Every day, Daily Average",2033,1388,2976
"258","0 Muthithi Rd","220","Dagoretti Rd","1/1/2018 - 1/31/2018, Every day, Daily Average",2465,1689,3595
"258","0 Muthithi Rd","222","Kikuyu Rd","1/1/2018 - 1/31/2018, Every day, Daily Average",2103,1521,2906
"258","0 Muthithi Rd","224","Unnamed Road","1/1/2018 - 1/31/2018, Every day, Daily Average",2074,1169,3676
"258","0 Muthithi Rd","225","Woodvalle Dr","1/1/2018 - 1/31/2018, Every day, Daily Average",1081,678,1721
"258","0 Muthithi Rd","227","A2","1/1/2018 - 1/31/2018, Every day, Daily Average",2079,1460,2958
"258","0 Muthithi Rd","228","Eastern Bypass","1/1/2018 - 1/31/2018, Every day, Daily Average",2520,1578,4023
"258","0 Muthithi Rd","229","Unnamed Road","1/1/2018 - 1/31/2018, Every day, Daily Average",1321,682,2555
"258","0 Muthithi Rd","230","Southern Bypass","1/1/2018 - 1/31/2018, Every day, Daily Average",2500,1649,3789
"258","0 Muthithi Rd","231","Unnamed Road","1/1/2018 - 1/31/2018, Every day, Daily Average",2081,1126,3845
"258","0 Muthithi Rd","232","Imani Project","1/1/2018 - 1/31/2018, Every day, Daily Average",2111,1400,3181
"258","0 Muthithi Rd","233","Kerarapon Drive","1/1/2018 - 1/31/2018, Every day, Daily Average",2974,1948,4538
"258","0 Muthithi Rd","234","Lower Kabete","1/1/2018 - 1/31/2018, Every day, Daily Average",1452,1093,1927
"258","0 Muthithi Rd","235","A2","1/1/2018 - 1/31/2018, Every day, Daily Average",2090,1363,3203
"258","0 Muthithi Rd","237","Unnamed Road","1/1/2018 - 1/31/2018, Every day, Daily Average",2164,1383,3384
"258","0 Muthithi Rd","239","Northern Bypass Rd","1/1/2018 - 1/31/2018, Every day, Daily Average",1682,1151,2457
"258","0 Muthithi Rd","240","Karen Ln","1/1/2018 - 1/31/2018, Every day, Daily Average",2713,1774,4147
"258","0 Muthithi Rd","241","Riara Prestige Apartments","1/1/2018 - 1/31/2018, Every day, Daily Average",1527,932,2501
"258","0 Muthithi Rd","242","200 Kyuna Cres","1/1/2018 - 1/31/2018, Every day, Daily Average",734,401,1342
"258","0 Muthithi Rd","243","E Africa Motorsports Tracks","1/1/2018 - 1/31/2018, Every day, Daily Average",2010,1229,3284
"258","0 Muthithi Rd","244","Wangapala Rd","1/1/2018 - 1/31/2018, Every day, Daily Average",529,227,1230
"258","0 Muthithi Rd","245","Ole Shapara Ave","1/1/2018 - 1/31/2018, Every day, Daily Average",1263,607,2625
"258","0 Muthithi Rd","246","Mombasa Road","1/1/2018 - 1/31/2018, Every day, Daily Average",1613,896,2900
"258","0 Muthithi Rd","247","Kabiria Rd","1/1/2018 - 1/31/2018, Every day, Daily Average",1973,1392,2795
"258","0 Muthithi Rd","248","Pilipili Way","1/1/2018 - 1/31/2018, Every day, Daily Average",585,309,1106
"258","0 Muthithi Rd","249","Mombasa Road","1/1/2018 - 1/31/2018, Every day, Daily Average",2564,1656,3967
"258","0 Muthithi Rd","251","Limuru Rd","1/1/2018 - 1/31/2018, Every day, Daily Average",2182,1468,3242
"258","0 Muthithi Rd","252","Ol Leleshwa Rd","1/1/2018 - 1/31/2018, Every day, Daily Average",1548,987,2426
"258","0 Muthithi Rd","253","Meru - Nairobi Hwy","1/1/2018 - 1/31/2018, Every day, Daily Average",2458,1730,3491
"258","0 Muthithi Rd","254","Banjui House","1/1/2018 - 1/31/2018, Every day, Daily Average",1926,1147,3232
"258","0 Muthithi Rd","255","Unnamed Road","1/1/2018 - 1/31/2018, Every day, Daily Average",2550,1531,4246
"258","0 Muthithi Rd","256","Meru - Nairobi Hwy","1/1/2018 - 1/31/2018, Every day, Daily Average",404,222,732
"258","0 Muthithi Rd","257","Mukunga","1/1/2018 - 1/31/2018, Every day, Daily Average",615,353,1068
"258","0 Muthithi Rd","258","0 Muthithi Rd","1/1/2018 - 1/31/2018, Every day, Daily Average",535,160,1784
"258","0 Muthithi Rd","259","Unnamed Road","1/1/2018 - 1/31/2018, Every day, Daily Average",2833,1978,4056
"258","0 Muthithi Rd","262","Unnamed Road","1/1/2018 - 1/31/2018, Every day, Daily Average",2843,2019,4002
"258","0 Muthithi Rd","263","Nairobi - Namanga","1/1/2018 - 1/31/2018, Every day, Daily Average",2663,1743,4068
"258","0 Muthithi Rd","264","Gigiri Rd","1/1/2018 - 1/31/2018, Every day, Daily Average",1082,688,1699
"258","0 Muthithi Rd","266","Kandara Rd","1/1/2018 - 1/31/2018, Every day, Daily Average",604,325,1121
"258","0 Muthithi Rd","268","Church Road","1/1/2018 - 1/31/2018, Every day, Daily Average",3618,2492,5252
"258","0 Muthithi Rd","269","Magadi Rd","1/1/2018 - 1/31/2018, Every day, Daily Average",2392,1470,3892
"258","0 Muthithi Rd","271","GTZ Processional Way","1/1/2018 - 1/31/2018, Every day, Daily Average",498,185,1334
"258","0 Muthithi Rd","272","Miotoni Rd","1/1/2018 - 1/31/2018, Every day, Daily Average",2438,1550,3834
"258","0 Muthithi Rd","273","Thigiri Cl","1/1/2018 - 1/31/2018, Every day, Daily Average",1108,683,1796
"258","0 Muthithi Rd","275","Kikenni Ln","1/1/2018 - 1/31/2018, Every day, Daily Average",2491,1704,3640
"258","0 Muthithi Rd","276","Garden Estate Rd","1/1/2018 - 1/31/2018, Every day, Daily Average",832,520,1330
"258","0 Muthithi Rd","277","Johari Ave","1/1/2018 - 1/31/2018, Every day, Daily Average",2239,1318,3801
"258","0 Muthithi Rd","278","Farasi Lane","1/1/2018 - 1/31/2018, Every day, Daily Average",1110,752,1637
"258","0 Muthithi Rd","279","Ngong Rd","1/1/2018 - 1/31/2018, Every day, Daily Average",1694,1045,2743
"258","0 Muthithi Rd","280","Ronix Gas Supplies","1/1/2018 - 1/31/2018, Every day, Daily Average",1456,890,2380
"258","0 Muthithi Rd","281","Gatundu Cres","1/1/2018 - 1/31/2018, Every day, Daily Average",866,494,1515
"258","0 Muthithi Rd","282","0 Muthaiga Rd","1/1/2018 - 1/31/2018, Every day, Daily Average",637,361,1121
"258","0 Muthithi Rd","283","Unnamed Road","1/1/2018 - 1/31/2018, Every day, Daily Average",3521,2309,5368
"258","0 Muthithi Rd","284","Foot Path","1/1/2018 - 1/31/2018, Every day, Daily Average",1569,1058,2325
"258","0 Muthithi Rd","285","Garissa Rd","1/1/2018 - 1/31/2018, Every day, Daily Average",2934,2185,3939
"258","0 Muthithi Rd","287","City Clock","1/1/2018 - 1/31/2018, Every day, Daily Average",1239,627,2445
"258","0 Muthithi Rd","288","Old Mombasa Rd","1/1/2018 - 1/31/2018, Every day, Daily Average",1695,949,3025
"258","0 Muthithi Rd","289","USIU Rd","1/1/2018 - 1/31/2018, Every day, Daily Average",1212,817,1797
"258","0 Muthithi Rd","290","Ngong Forest Rd","1/1/2018 - 1/31/2018, Every day, Daily Average",2860,1844,4435
"258","0 Muthithi Rd","291","Unnamed Road","1/1/2018 - 1/31/2018, Every day, Daily Average",1772,1002,3132
"258","0 Muthithi Rd","292","Loneview Access Rd","1/1/2018 - 1/31/2018, Every day, Daily Average",2085,1258,3454
"258","0 Muthithi Rd","293","Lake View Dr","1/1/2018 - 1/31/2018, Every day, Daily Average",1012,673,1520
"258","0 Muthithi Rd","294","Pofu Rd","1/1/2018 - 1/31/2018, Every day, Daily Average",2437,1529,3883
"258","0 Muthithi Rd","295","Mombasa Road","1/1/2018 - 1/31/2018, Every day, Daily Average",2836,1823,4410
"258","0 Muthithi Rd","297","Ndemi Rd","1/1/2018 - 1/31/2018, Every day, Daily Average",1452,858,2454
"258","0 Muthithi Rd","298","Unnamed Road","1/1/2018 - 1/31/2018, Every day, Daily Average",1995,1496,2658
"258","0 Muthithi Rd","300","Helena Road","1/1/2018 - 1/31/2018, Every day, Daily Average",2570,1605,4112
"258","0 Muthithi Rd","301","ELSEK ELSEK Nairobi Show House Road","1/1/2018 - 1/31/2018, Every day, Daily Average",2745,1766,4265
"258","0 Muthithi Rd","302","Limuru Rd","1/1/2018 - 1/31/2018, Every day, Daily Average",2438,1827,3252
"258","0 Muthithi Rd","303","400 Muhuri Rd","1/1/2018 - 1/31/2018, Every day, Daily Average",2124,1367,3299
"258","0 Muthithi Rd","304","Embu - Nairobi Hwy","1/1/2018 - 1/31/2018, Every day, Daily Average",1785,1217,2617
"258","0 Muthithi Rd","305","Amani","1/1/2018 - 1/31/2018, Every day, Daily Average",1491,994,2236
"258","0 Muthithi Rd","306","Mandela Gate","1/1/2018 - 1/31/2018, Every day, Daily Average",1611,1088,2384
"258","0 Muthithi Rd","308","500 Kwarara Rd","1/1/2018 - 1/31/2018, Every day, Daily Average",2749,1769,4269
"258","0 Muthithi Rd","309","Unnamed Road","1/1/2018 - 1/31/2018, Every day, Daily Average",1410,891,2229
"258","0 Muthithi Rd","311","Kangundo Rd","1/1/2018 - 1/31/2018, Every day, Daily Average",3004,1983,4548
"258","0 Muthithi Rd","312","100 Kamiti Rd","1/1/2018 - 1/31/2018, Every day, Daily Average",1167,730,1863
"258","0 Muthithi Rd","313","Mumwe Drive","1/1/2018 - 1/31/2018, Every day, Daily Average",1682,1185,2387
"258","0 Muthithi Rd","314","Mutarakwa Limuru Rd","1/1/2018 - 1/31/2018, Every day, Daily Average",2556,1995,3273
"258","0 Muthithi Rd","316","Prestige Apartments","1/1/2018 - 1/31/2018, Every day, Daily Average",1730,1089,2747
"258","0 Muthithi Rd","317","Fifth St","1/1/2018 - 1/31/2018, Every day, Daily Average",926,590,1452
"258","0 Muthithi Rd","319","Banana Raini Rd","1/1/2018 - 1/31/2018, Every day, Daily Average",2237,1633,3063
"258","0 Muthithi Rd","320","Northern Bypass Rd","1/1/2018 - 1/31/2018, Every day, Daily Average",1958,1396,2745
"258","0 Muthithi Rd","321","Fiesta-Bypass Link","1/1/2018 - 1/31/2018, Every day, Daily Average",1649,1122,2422
"258","0 Muthithi Rd","322","Wanyee Cl","1/1/2018 - 1/31/2018, Every day, Daily Average",1851,1151,2975
"258","0 Muthithi Rd","323","Njathaini Rd","1/1/2018 - 1/31/2018, Every day, Daily Average",1867,1385,2515
"258","0 Muthithi Rd","324","30700 Naivasha Rd","1/1/2018 - 1/31/2018, Every day, Daily Average",1053,657,1685
"258","0 Muthithi Rd","325","Community Rd","1/1/2018 - 1/31/2018, Every day, Daily Average",2689,1387,5210
"258","0 Muthithi Rd","327","Moi Dr","1/1/2018 - 1/31/2018, Every day, Daily Average",1819,1163,2844
"258","0 Muthithi Rd","328","Sigona Dr","1/1/2018 - 1/31/2018, Every day, Daily Average",1656,1162,2358
"258","0 Muthithi Rd","329","1800 Mpaka Rd","1/1/2018 - 1/31/2018, Every day, Daily Average",282,121,653
"258","0 Muthithi Rd","330","Kanyariri-Gitaru Rd","1/1/2018 - 1/31/2018, Every day, Daily Average",1586,1060,2371
"258","0 Muthithi Rd","332","Unnamed Road","1/1/2018 - 1/31/2018, Every day, Daily Average",2076,1402,3072
"258","0 Muthithi Rd","333","Nyasa Rd","1/1/2018 - 1/31/2018, Every day, Daily Average",1282,762,2156
"258","0 Muthithi Rd","334","Southern Bypass","1/1/2018 - 1/31/2018, Every day, Daily Average",1692,910,3143
"258","0 Muthithi Rd","335","Meru - Nairobi Hwy","1/1/2018 - 1/31/2018, Every day, Daily Average",1949,1381,2750
"258","0 Muthithi Rd","336","0 Mbagathi Ridge","1/1/2018 - 1/31/2018, Every day, Daily Average",2993,2093,4279
"258","0 Muthithi Rd","338","Gatundu-Juja Road","1/1/2018 - 1/31/2018, Every day, Daily Average",2203,1566,3098
"258","0 Muthithi Rd","339","Kinanda Rd","1/1/2018 - 1/31/2018, Every day, Daily Average",1898,1310,2749
"258","0 Muthithi Rd","340","Meru - Nairobi Hwy","1/1/2018 - 1/31/2018, Every day, Daily Average",1569,1051,2340
"258","0 Muthithi Rd","341","Hillcrest Dr","1/1/2018 - 1/31/2018, Every day, Daily Average",2664,1683,4216
"258","0 Muthithi Rd","343","Karura Munyaka Road","1/1/2018 - 1/31/2018, Every day, Daily Average",3141,2196,4492
"258","0 Muthithi Rd","344","Kibiku Rd","1/1/2018 - 1/31/2018, Every day, Daily Average",2500,1530,4083
"258","0 Muthithi Rd","346","Kikuyu - Nderi Road","1/1/2018 - 1/31/2018, Every day, Daily Average",1809,1218,2684
"258","0 Muthithi Rd","347","Ghana Cl","1/1/2018 - 1/31/2018, Every day, Daily Average",1345,899,2011
"258","0 Muthithi Rd","348","Unnamed Road","1/1/2018 - 1/31/2018, Every day, Daily Average",2626,1884,3659
"258","0 Muthithi Rd","349","Unnamed Road","1/1/2018 - 1/31/2018, Every day, Daily Average",2338,1573,3474
"258","0 Muthithi Rd","350","Eldoret-Malaba Rd","1/1/2018 - 1/31/2018, Every day, Daily Average",2168,1676,2804
"258","0 Muthithi Rd","351","Airport N Rd","1/1/2018 - 1/31/2018, Every day, Daily Average",1543,835,2849
"258","0 Muthithi Rd","353","Gitaru Rd","1/1/2018 - 1/31/2018, Every day, Daily Average",2270,1588,3243
"258","0 Muthithi Rd","354","Kahawa Flyover","1/1/2018 - 1/31/2018, Every day, Daily Average",1269,840,1916
"258","0 Muthithi Rd","355","Kapenguria","1/1/2018 - 1/31/2018, Every day, Daily Average",1346,990,1828
"258","0 Muthithi Rd","357","Unnamed Road","1/1/2018 - 1/31/2018, Every day, Daily Average",3112,1998,4844
"258","0 Muthithi Rd","358","Baba Dogo Rd","1/1/2018 - 1/31/2018, Every day, Daily Average",1393,839,2310
"258","0 Muthithi Rd","359","Masai W Rd","1/1/2018 - 1/31/2018, Every day, Daily Average",2951,1975,4407
"258","0 Muthithi Rd","360","Mbagathi Ridge","1/1/2018 - 1/31/2018, Every day, Daily Average",3026,2057,4451
"258","0 Muthithi Rd","362","Enterprise Rd","1/1/2018 - 1/31/2018, Every day, Daily Average",1408,744,2664
"258","0 Muthithi Rd","363","Kahawa Sukari Ave","1/1/2018 - 1/31/2018, Every day, Daily Average",1674,1195,2343
"258","0 Muthithi Rd","364","Mombasa Road","1/1/2018 - 1/31/2018, Every day, Daily Average",2958,1920,4555
"258","0 Muthithi Rd","366","Red Hill Rd","1/1/2018 - 1/31/2018, Every day, Daily Average",1444,958,2174
"258","0 Muthithi Rd","367","Mombasa Road","1/1/2018 - 1/31/2018, Every day, Daily Average",2035,1211,3418
"258","0 Muthithi Rd","368","Tara Rd","1/1/2018 - 1/31/2018, Every day, Daily Average",802,520,1236
"258","0 Muthithi Rd","369","Green Ln","1/1/2018 - 1/31/2018, Every day, Daily Average",2928,1910,4487
"258","0 Muthithi Rd","370","Emmaus Street,","1/1/2018 - 1/31/2018, Every day, Daily Average",2049,1352,3103
"258","0 Muthithi Rd","371","Racing Circuit","1/1/2018 - 1/31/2018, Every day, Daily Average",1553,811,2971
"258","0 Muthithi Rd","372","Musa Gitau Rd","1/1/2018 - 1/31/2018, Every day, Daily Average",824,459,1477
"258","0 Muthithi Rd","374","Namanga Road","1/1/2018 - 1/31/2018, Every day, Daily Average",3019,2099,4341
"258","0 Muthithi Rd","376","Gathuru Rd","1/1/2018 - 1/31/2018, Every day, Daily Average",1795,1218,2643
"258","0 Muthithi Rd","377","Unnamed Road","1/1/2018 - 1/31/2018, Every day, Daily Average",1874,1222,2873
"258","0 Muthithi Rd","378","Aerodrome Rd","1/1/2018 - 1/31/2018, Every day, Daily Average",957,427,2142
"258","0 Muthithi Rd","379","Kamukunji Road","1/1/2018 - 1/31/2018, Every day, Daily Average",997,587,1691
"258","0 Muthithi Rd","380","Mombasa Road","1/1/2018 - 1/31/2018, Every day, Daily Average",1956,1167,3277
"258","0 Muthithi Rd","381","Eldoret-Malaba Rd","1/1/2018 - 1/31/2018, Every day, Daily Average",1927,1451,2557
"258","0 Muthithi Rd","383","Muungano House","1/1/2018 - 1/31/2018, Every day, Daily Average",969,453,2070
"258","0 Muthithi Rd","385","Laxmi Estate","1/1/2018 - 1/31/2018, Every day, Daily Average",1396,880,2213
"258","0 Muthithi Rd","386","Ablution Block","1/1/2018 - 1/31/2018, Every day, Daily Average",1118,537,2327
"258","0 Muthithi Rd","387","3rd Sunrise Ave","1/1/2018 - 1/31/2018, Every day, Daily Average",2122,1182,3807
"258","0 Muthithi Rd","388","0 Moi Dr","1/1/2018 - 1/31/2018, Every day, Daily Average",1823,1185,2803
"258","0 Muthithi Rd","389","Limuru Rd","1/1/2018 - 1/31/2018, Every day, Daily Average",2911,2040,4152
"258","0 Muthithi Rd","390","100-188 Thego Rd","1/1/2018 - 1/31/2018, Every day, Daily Average",1012,569,1798
"258","0 Muthithi Rd","391","Meru - Nairobi Hwy","1/1/2018 - 1/31/2018, Every day, Daily Average",1873,1319,2657
"258","0 Muthithi Rd","392","Coffee Garden Dr","1/1/2018 - 1/31/2018, Every day, Daily Average",729,450,1179
"258","0 Muthithi Rd","394","Limuru Rd","1/1/2018 - 1/31/2018, Every day, Daily Average",2515,1705,3709
"258","0 Muthithi Rd","396","Unnamed Road","1/1/2018 - 1/31/2018, Every day, Daily Average",2772,1760,4363
"258","0 Muthithi Rd","397","Mahavir Court","1/1/2018 - 1/31/2018, Every day, Daily Average",273,124,600
"258","0 Muthithi Rd","398","Kihara- Gacii- Karura Road","1/1/2018 - 1/31/2018, Every day, Daily Average",1903,1247,2902
"258","0 Muthithi Rd","399","Eastern Bypass","1/1/2018 - 1/31/2018, Every day, Daily Average",2533,1461,4388
"258","0 Muthithi Rd","400","Outer Ring Rd","1/1/2018 - 1/31/2018, Every day, Daily Average",760,454,1272